team,player,action,start_x,start_y,end_x,end_y
Team A,Player 1100,Action 1,23.221467197017585,15.922504197953307,65.94229937750612,44.151759972119265
Team 1,Player 1,Action 1,35.67219101432574,77.34252130659317,67.88415538571016,59.54953584893704
Team 11,Player 7,Action 4,71.19673328205819,69.64363336818427,71.7678674021182,56.6410670722048
Team 11,Player 7,Action 4,78.16456954679029,69.64363336818427,79.53529143493431,58.865190254411814
Team 1,Player 1,Action 1,32.64341495789585,64.54635036688876,67.63804953656764,31.36019454862925
